objective,num_leaves,n_estimators,max_depth,learning_rate,feature_fraction,mean_score,std_score
mape,1050,1050,7,0.042,0.3,0.8793541908181138,0.005387077019830816
mae,1350,300,7,0.014,0.8,0.8705593038926521,0.005603791120136156
mae,950,900,7,0.016,0.9,0.8790579014618546,0.006068732344242512
mape,150,150,7,0.038,0.4,0.8685676392581391,0.0046888318734245255
mae,850,800,10,0.032,0.3,0.8879811055014366,0.003908855374775377
mae,1050,100,-1,0.044,0.2,0.8599388574315788,0.0034890953763425285
mape,650,1150,6,0.04,0.7,0.8778732691888954,0.006425307555796102
mape,1250,300,-1,0.006,0.3,0.7782222375646497,0.001927694878865344
mape,1050,850,12,0.026,0.8,0.8939764890109182,0.0038572790422345296
mae,450,250,10,0.03,0.4,0.8863530456860702,0.004360181703899553
mape,350,550,12,0.03,0.8,0.8923000551744499,0.004000720613564489
mape,950,1450,8,0.02,0.9,0.8833241757109913,0.004074652264268136
mape,650,400,6,0.048,0.3,0.869769637043357,0.006128697037687376
mae,1300,550,11,0.03,0.8,0.8949976772494999,0.004359309634298997
rmse,1050,200,6,0.032,0.6,0.8843193243786236,0.0058842683536714895
mae,800,950,9,0.018,0.2,0.8805313428917811,0.0033657203847644924
mape,650,1400,-1,0.01,0.1,0.8318346244949254,0.0019435041126056368
mae,1150,1300,11,0.008,0.3,0.8879893056284843,0.004678038141696011
mape,550,850,-1,0.018,0.3,0.8887227071240051,0.003638030535292465
mae,350,1450,6,0.036,0.9,0.8792982207328812,0.0067707867274749605
mae,1400,1250,8,0.012,0.3,0.882333153500877,0.004530245170435503
rmse,300,1350,7,0.028,0.2,0.8995270831084519,0.003788772923273115
rmse,1400,450,4,0.04,0.4,0.8764823559271027,0.005351358590760847
rmse,1050,100,8,0.046,0.6,0.8898027637245345,0.00448911345277014
mape,850,1050,7,0.01,0.9,0.8766426920345856,0.0057200805087183875
mape,650,600,8,0.046,0.8,0.8842934785267951,0.004585676016375632
rmse,350,1300,4,0.01,0.9,0.8731243717277112,0.00646087199103886
rmse,600,300,3,0.028,0.3,0.838479633382738,0.005605010124412884
mape,950,400,10,0.01,0.8,0.8793384263342404,0.0036227207025959687
rmse,850,1100,9,0.026,0.6,0.9102017341158481,0.0031366666921748324
rmse,1200,1450,5,0.01,0.1,0.8508538689655294,0.0034714278717223016
mae,1100,900,-1,0.032,0.9,0.9036215286127818,0.004738594978715582
mae,250,1400,8,0.016,0.4,0.8874919723523207,0.0052187063092965814
rmse,200,500,7,0.006,0.5,0.8712051202322225,0.0047446408742757296
rmse,350,550,6,0.042,0.6,0.8977259987225638,0.004706436569027949
mae,400,1450,8,0.024,0.5,0.8894001193256644,0.005023147419742876
mape,600,750,12,0.006,0.5,0.8834513781182225,0.003891778752788197
mae,1250,850,7,0.044,0.1,0.8593787222564834,0.004511378575574804
rmse,1400,400,-1,0.024,0.5,0.9109728082410711,0.0038449604182968756
mape,600,1150,-1,0.018,0.5,0.8992127956406581,0.0036592214275093984
rmse,200,1300,6,0.018,0.5,0.8985924577737361,0.004519344975113115
rmse,900,1000,3,0.038,0.6,0.8742979485001853,0.005646333745044056
rmse,750,750,12,0.034,0.6,0.9126721406345687,0.0035124509756455564
mae,1300,550,12,0.034,0.6,0.8979525614479384,0.005009053640202283
mape,1350,850,3,0.036,0.5,0.8498414550104691,0.007165212449322219
rmse,1050,300,10,0.024,0.3,0.8954600910128427,0.003991198181404716
rmse,500,1450,9,0.008,0.1,0.8649473721592122,0.0032061210515272514
rmse,250,400,9,0.006,0.4,0.8616899511811846,0.0038125299040763783
mape,1050,600,4,0.032,0.5,0.858436719986975,0.00823183016836146
mae,200,950,6,0.036,0.6,0.8797193803020328,0.007517586723974384
mape,100,250,4,0.006,0.6,0.7160748022730037,0.002763537032250328
mape,1300,1050,11,0.04,0.7,0.8947541806548156,0.00411329428019918
mae,1000,350,5,0.026,0.5,0.8637464263599361,0.0069706138874828134
rmse,1300,550,3,0.026,0.8,0.8594474520234152,0.005869421805114498
rmse,1150,1400,4,0.022,0.9,0.8842103308749967,0.0056341355091398555
rmse,200,1000,11,0.028,0.9,0.9083042230886029,0.004264692088786238
mae,100,450,8,0.006,0.9,0.8583158648364373,0.003653341663459297
mape,1400,700,6,0.01,0.4,0.8659621070457486,0.005742011283170433
mape,1250,1050,9,0.048,0.7,0.8898565401548802,0.004605704518167598
mae,500,600,12,0.016,0.5,0.8954486639882244,0.004614524452154495
mae,200,100,9,0.048,0.3,0.8655543964951904,0.0046198888376620655
rmse,250,1400,5,0.022,0.9,0.8931393378420402,0.004233793965765609
rmse,650,350,4,0.044,0.4,0.8741283433042174,0.005524440199236121
rmse,1450,750,4,0.03,0.7,0.8817299866907019,0.005480349619158481
rmse,300,900,8,0.024,0.1,0.8788356513365331,0.0028449500602843697
mape,100,250,9,0.004,0.7,0.6747960353397822,0.0013133568654929715
mape,750,1400,-1,0.026,0.4,0.8966203362860459,0.003729679602663384
mae,400,1000,12,0.042,0.4,0.8981946511234148,0.004401991133650543
mape,750,1000,9,0.018,0.1,0.8453739654873373,0.0034706348479100506
mae,1300,500,11,0.024,0.5,0.893985994862022,0.00445030136136906
mape,1150,1050,4,0.01,0.3,0.8386388031009666,0.004792819195947798
mae,1200,900,10,0.018,0.7,0.8940466193664327,0.0052602592812775175
mae,1300,150,8,0.038,0.2,0.8569405275140742,0.0026133280664029953
rmse,1400,900,11,0.008,0.6,0.904823029352471,0.004597063909963399
mape,1300,950,5,0.034,0.3,0.8673406372429885,0.006672721473472194
rmse,350,200,-1,0.018,0.5,0.8955146006014654,0.0040793423969521314
mae,700,200,12,0.046,0.1,0.8260491146657907,0.0036831788905210367
rmse,200,300,6,0.042,0.5,0.8912857436279203,0.004890312968101581
mae,1350,1050,10,0.012,0.3,0.886951128496534,0.004451516694922707
mae,900,450,-1,0.034,0.2,0.8845887018687252,0.0036460322308362264
mae,800,1250,8,0.004,0.9,0.8777379831701644,0.004680016654979028
rmse,1100,600,4,0.034,0.6,0.8806609932489364,0.005750639753510534
rmse,1150,1300,12,0.004,0.1,0.8196139385248247,0.0019592175968063444
mape,800,700,9,0.042,0.9,0.8866845196106675,0.004472316368064193
mape,500,1150,8,0.028,0.5,0.8867936224070477,0.005081485904031736
mape,1400,750,10,0.022,0.5,0.8910859072738655,0.004293989571251398
rmse,550,1250,3,0.044,0.6,0.8788502114235572,0.005112458661095672
mae,550,850,6,0.048,0.3,0.8773088949323917,0.006087169260208905
mape,1400,450,3,0.022,0.5,0.8297723733557725,0.0062661107642994155
mape,800,650,10,0.01,0.3,0.8756539341667,0.003904758006345683
mae,1150,650,-1,0.034,0.9,0.9028901584478766,0.005233770932335574
mae,1350,150,4,0.022,0.3,0.7660395486681412,0.0022612504431158407
rmse,300,1250,12,0.006,0.1,0.8466265416864487,0.002237991326727297
mae,450,700,11,0.004,0.5,0.8718990947489043,0.003951412620964484
mae,800,850,5,0.026,0.6,0.8716096168252354,0.007363805704946658
mae,550,950,4,0.028,0.3,0.8585331203872818,0.007210513378212376
mape,850,800,5,0.038,0.4,0.8692519963376979,0.007075595127191807
rmse,1000,1400,10,0.046,0.3,0.9079485204624608,0.002723206711554313
mape,300,450,7,0.016,0.8,0.8756776591447004,0.005240648291961223
mape,1050,850,4,0.046,0.3,0.8608148270624072,0.006527450936575901
mape,900,900,9,0.028,0.4,0.8878012507780468,0.004211493060326014
mae,250,800,11,0.004,0.9,0.8795977704244101,0.003944492366287416
mape,1300,100,9,0.028,0.4,0.8451271447903534,0.003363861321023337
mae,1300,1300,5,0.038,0.4,0.875611894531032,0.007554849505630588
rmse,1000,300,6,0.028,0.8,0.8865367115711587,0.006241339873954878
mae,500,700,-1,0.046,0.5,0.9024056288720934,0.0052884907763718365
mape,800,1450,6,0.03,0.5,0.878903245493375,0.006985915413172287
mae,200,550,-1,0.024,0.7,0.8993569623560765,0.00593051500646444
mape,400,1150,5,0.008,0.4,0.860242892051031,0.005958263997665211
mape,850,1200,10,0.04,0.2,0.8828556976514959,0.002960358393089871
mape,650,800,8,0.034,0.2,0.8768033172205092,0.0034653540143193442
mape,1350,350,4,0.046,0.6,0.8569641761034488,0.008433794683263104
mae,200,1000,10,0.032,0.8,0.8949908799947041,0.005471726435505735
rmse,1000,300,6,0.01,0.4,0.855727339426918,0.004561959752381933
mape,1150,450,12,0.016,0.7,0.8896645873366337,0.0043530195465431385
mape,250,650,4,0.048,0.7,0.8617649426864867,0.007392586867261422
mae,650,700,3,0.044,0.8,0.8485275358648907,0.0069067594369662125
mape,450,900,5,0.006,0.7,0.8585049302984383,0.006691695381836773
rmse,400,200,3,0.03,0.4,0.8337748726633814,0.006595753086773218
mape,1300,1400,9,0.004,0.6,0.883743008800694,0.004607021972939188
mape,100,1300,-1,0.04,0.1,0.8638799846551766,0.0042491169419534795
rmse,900,550,6,0.016,0.4,0.8873998201197962,0.004694834387824298
mae,250,750,8,0.016,0.8,0.8841993155619665,0.004958889709718607
mape,550,1100,11,0.028,0.3,0.8869163691831075,0.003559557845279842
rmse,700,850,5,0.02,0.8,0.8874567402074207,0.00542387771861636
mae,150,500,7,0.022,0.8,0.8794785164521708,0.005384570853910302
mae,100,1000,5,0.016,0.6,0.8693249845550577,0.008344893217310733
mae,900,850,10,0.026,0.2,0.8828461414955556,0.003653904667839378
rmse,450,150,11,0.012,0.1,0.6412445339981225,0.0010940145555454273
mape,800,700,-1,0.02,0.4,0.8941100309694068,0.004133335862024091
rmse,600,750,12,0.046,0.4,0.9101904753971771,0.003322563017638021
mape,1300,350,11,0.016,0.2,0.8577235928059828,0.001669051125030989
mae,1000,600,9,0.044,0.9,0.8904290283739957,0.005080826169453754
mape,1000,600,6,0.026,0.6,0.8749545549503583,0.006493723773254749
rmse,900,450,11,0.03,0.6,0.9086145552483413,0.003512418828873771
mape,1250,800,12,0.024,0.6,0.8940099812130986,0.004686771933116058
rmse,350,1150,11,0.024,0.2,0.9028484608124783,0.0034065221174034654
mae,950,700,8,0.038,0.5,0.8880558994459611,0.006447454603033167
mae,1050,250,11,0.048,0.9,0.8922478688217137,0.004857131873236065
mae,250,1050,10,0.026,0.7,0.8952994565244089,0.005123320856352389
rmse,1300,1350,9,0.032,0.2,0.9038567090239827,0.0030781243962410563
mae,1050,1150,5,0.032,0.6,0.8740057972074311,0.00791021312001707
mape,250,1400,12,0.004,0.3,0.8764767345616455,0.003737835380149602
mape,650,850,4,0.042,0.6,0.862236019522566,0.006826850512472604
mape,1300,250,11,0.036,0.9,0.887383518897344,0.003657962692142909
mape,900,200,7,0.048,0.5,0.8762259768966604,0.005271114371188768
mae,1300,1250,11,0.034,0.8,0.8990275953193655,0.004649063221011776
mae,1300,800,10,0.006,0.1,0.7766830587506662,0.001612451025264353
rmse,650,1250,4,0.01,0.6,0.8739936848905299,0.005796492534875584
mape,800,1050,4,0.016,0.5,0.8568650258632319,0.0074252649210262605
mape,400,900,5,0.012,0.1,0.7823013717378466,0.0018607696244885522
mape,950,1300,12,0.032,0.3,0.8886386154306881,0.0038542586730234674
rmse,750,550,10,0.038,0.7,0.9084715485972232,0.004045512586154088
mae,1400,650,12,0.02,0.8,0.8960735659703426,0.004311409909663669
rmse,1350,1000,3,0.03,0.4,0.8693970390575889,0.005700050247929298
mape,1350,300,10,0.02,0.4,0.8812351659321785,0.0031308707791000835
rmse,600,1250,7,0.004,0.3,0.8793886048243128,0.004603968715041077
mae,600,900,-1,0.044,0.1,0.8528801681463964,0.0036004662937125067
rmse,1050,100,11,0.038,0.6,0.8947803161739158,0.004534003518672563
mape,300,800,3,0.012,0.8,0.8309908161279159,0.008203432053467545
mae,1350,1450,9,0.048,0.6,0.8955242941575073,0.005578656663343816
mape,550,500,3,0.012,0.5,0.8175455832216548,0.005443170153289366
rmse,700,250,7,0.044,0.5,0.8962872584246434,0.004596452192294595
mape,200,200,9,0.034,0.5,0.8821385257466228,0.005720580918243118
mape,900,1200,4,0.036,0.9,0.8625127360093777,0.008474497863148786
rmse,300,450,7,0.038,0.4,0.8991344489523281,0.004426200047814362
mape,600,1050,3,0.016,0.8,0.8405624266808808,0.008369384872924853
rmse,1400,350,9,0.034,0.1,0.862801543720611,0.0038348446191445043
rmse,400,750,7,0.044,0.8,0.904159851528525,0.0048624916213472705
mape,550,800,8,0.016,0.5,0.883611024802786,0.004928468902074591
rmse,950,950,-1,0.006,0.8,0.9032495345195806,0.0048592185783392005
mape,1300,700,4,0.022,0.7,0.857496294553154,0.008033573527362716
mape,350,1250,8,0.016,0.4,0.8837887366582233,0.005054095285318235
mae,550,750,-1,0.022,0.8,0.9023903483147659,0.0050305646577968426
mape,900,700,6,0.014,0.6,0.8729189271419223,0.00656349110120252
mape,300,850,8,0.018,0.3,0.8782222352076425,0.00459403402780873
mape,350,950,9,0.038,0.7,0.8905117445316026,0.0046908627780288805
mae,400,1450,6,0.008,0.1,0.8088570515844935,0.0009074040959370739
mae,1200,250,6,0.038,0.9,0.8715810245340494,0.007462807669231671
mae,950,250,12,0.026,0.3,0.8816937340190958,0.004415126088933127
rmse,850,1300,12,0.01,0.4,0.9087795703319667,0.0031669959723544193
mape,1200,450,4,0.04,0.8,0.8583817716627555,0.007734402521314249
mape,750,1100,8,0.006,0.1,0.7802102658749144,0.002348422841862424
mape,250,900,12,0.032,0.6,0.8956484947969148,0.00476450450715189
rmse,1200,150,10,0.01,0.8,0.8299712068359046,0.003504397552917682
mape,150,1050,10,0.018,0.9,0.8882828542031922,0.0033649810249094334
rmse,1300,400,4,0.036,0.1,0.8354396877203435,0.0027359888347421994
mape,1100,1450,12,0.018,0.9,0.8936374663498474,0.003430702378583824
rmse,900,1100,7,0.02,0.2,0.8958328306599418,0.003675276770349393
mape,1350,1150,10,0.02,0.1,0.8508717206679393,0.0032842203264743766
mae,700,850,8,0.014,0.6,0.8863658293460444,0.005210078243867283
mae,400,600,5,0.02,0.7,0.8676491554711139,0.007844485752249079
mae,1300,1050,11,0.004,0.6,0.8885958044741048,0.0047087072813868855
mae,1150,900,7,0.024,0.1,0.8493218879439388,0.0032797853818587086
mae,1100,1300,-1,0.018,0.8,0.9027478575069134,0.005307777118461329
mae,100,100,7,0.032,0.3,0.8275111892320456,0.0027769524248695923
mae,1400,450,8,0.024,0.9,0.8829911278688402,0.005007112624905763
mae,100,200,-1,0.036,0.4,0.8829637389149381,0.005315833579986382
rmse,250,1250,6,0.01,0.2,0.8830062526774105,0.004309993974414954
rmse,1200,350,7,0.026,0.7,0.8945548312983923,0.0052068724247367765
mae,1400,1150,5,0.044,0.2,0.8700638005762114,0.005055144131724552
mape,700,900,10,0.03,0.6,0.8929839409826205,0.004173990068967327
mae,1000,500,6,0.036,0.4,0.8756603229490696,0.006468156706854854
mae,500,450,6,0.046,0.3,0.8725942995230849,0.006023439433206261
mape,250,1050,12,0.016,0.5,0.8935137262667581,0.004665585727553567
mape,150,650,5,0.014,0.8,0.8635096973994135,0.006954855883712516
mae,500,1050,3,0.012,0.6,0.8360893258606643,0.007369163332395344
mape,950,900,5,0.04,0.3,0.8683043486859457,0.007058333600935213
mae,1050,500,10,0.024,0.5,0.89211038586268,0.005198032952932457
mape,700,1200,5,0.012,0.1,0.8057090620156402,0.0014248138251188188
mape,250,750,3,0.014,0.4,0.8249392598320746,0.005672927099299713
mape,800,1450,5,0.02,0.3,0.8662044235720046,0.006786467774656114
mape,1450,1200,9,0.02,0.4,0.887904788965935,0.003990989321696853
rmse,1200,600,4,0.04,0.3,0.8780451179841117,0.005087836991719558
mape,150,500,6,0.004,0.8,0.8129695780140848,0.0035647921804367417
mape,250,950,3,0.032,0.4,0.8461654662910363,0.007620129117160068
mae,850,1350,8,0.038,0.7,0.8895243535659785,0.0054923610218226525
mae,1400,1350,4,0.03,0.8,0.8657362883943797,0.007645728574182387
rmse,1400,350,12,0.046,0.7,0.9083601109385395,0.0038153978195945384
mae,700,350,5,0.028,0.2,0.8454928617176378,0.003346447016276491
mape,500,800,4,0.036,0.3,0.8584359482246352,0.00657828075623163
mae,1250,1200,9,0.028,0.7,0.8935087838536574,0.005351850468300351
mape,650,1300,9,0.016,0.8,0.8877292900221925,0.004383214892300151
mae,1000,800,8,0.032,0.5,0.887822741890334,0.00535242030808865
mae,850,800,9,0.022,0.4,0.889641730761799,0.00412870041182441
mae,1000,1450,6,0.044,0.4,0.882012649031601,0.006145344647222078
mape,1000,300,10,0.036,0.8,0.887645269054843,0.003860444421194164
rmse,1350,250,9,0.042,0.8,0.9002085010112644,0.004236644792076087
rmse,1150,500,11,0.008,0.1,0.7892401463049772,0.0014758429655792461
mae,1250,500,11,0.014,0.2,0.873002492571578,0.0031648605320721166
mae,300,750,7,0.028,0.9,0.8809769457240666,0.006082809210885493
mape,600,1300,4,0.04,0.6,0.8645450675480396,0.007159431859549749
rmse,550,900,-1,0.04,0.9,0.9093946741107977,0.004799603580438808
rmse,300,1450,9,0.006,0.7,0.9008953027823332,0.004232040279374251
rmse,300,250,-1,0.02,0.2,0.8824628209556673,0.003249165665412889
mape,1150,500,8,0.032,0.1,0.8385150873885452,0.0031390038363489883
rmse,400,750,10,0.014,0.7,0.9046541627305318,0.004514900534334504
mae,450,800,11,0.008,0.4,0.8898269458641381,0.004629080199776906
mae,300,500,4,0.04,0.3,0.8548865048609864,0.0062378762881108284
mape,750,1100,6,0.022,0.4,0.8757417627929266,0.006161521941219666
mape,500,1200,7,0.046,0.1,0.8630642786944259,0.0036964195611243872
mae,850,1200,10,0.014,0.1,0.8507850680947882,0.003975199336885021
rmse,1350,950,3,0.01,0.9,0.8521833489055589,0.006423317411868454
mape,1350,1450,7,0.044,0.6,0.88386896281222,0.005766604112564762
rmse,100,600,5,0.036,0.4,0.889373058574292,0.0050640911347600084
rmse,750,1450,11,0.016,0.8,0.908991515592779,0.004445761108165672
mape,450,1350,10,0.028,0.3,0.8866242433989635,0.003817711193376729
rmse,100,300,9,0.034,0.8,0.9010380034056897,0.004935567195061551
rmse,500,200,9,0.01,0.2,0.7937216271273473,0.0019327027286416985
rmse,1250,200,9,0.01,0.5,0.8540627569929633,0.004017147991566903
mae,1400,850,7,0.016,0.6,0.8811489793672627,0.0059868020072960946
mae,550,200,9,0.012,0.1,0.6522876915582805,0.004670290532110219
rmse,1200,1000,-1,0.006,0.3,0.8993595583695437,0.004110146042334584
mae,450,500,7,0.036,0.9,0.8808872629272794,0.00547827916917356
mae,350,400,4,0.014,0.9,0.8423816192489579,0.007064934782064592
mape,1100,150,4,0.014,0.9,0.7873667537805533,0.005914362150833877
mae,1200,650,3,0.046,0.7,0.8477001060951532,0.008647981102417079
mae,850,1350,12,0.026,0.5,0.9012399712768628,0.004438111146332075
mae,400,500,3,0.012,0.7,0.8218536033754532,0.0070817566800152896
mae,800,650,3,0.034,0.3,0.8384967691570687,0.00652349349153057
rmse,650,1150,3,0.028,0.2,0.8628146480352944,0.003793996238105868
mape,1050,1050,3,0.012,0.5,0.8342683674960795,0.006831393924020934
mape,1200,1250,8,0.03,0.8,0.8850358564525547,0.004295650057896602
mape,300,250,12,0.008,0.2,0.7578608387922185,0.0026318980311624894
rmse,1100,1350,9,0.032,0.1,0.885875521408876,0.0035051337664989968
mae,400,1100,9,0.018,0.2,0.8816620002625684,0.0033831670003315103
mae,300,200,7,0.042,0.1,0.8013045414727157,0.001851299968745211
mape,1050,1050,5,0.02,0.8,0.868188700651383,0.007944610965288812
rmse,350,950,7,0.046,0.7,0.9070031313935281,0.00365081370622544
rmse,250,350,3,0.022,0.5,0.8472402792411063,0.005638847324449452
mae,400,450,7,0.03,0.9,0.8784648162844992,0.006408910576221079
mae,150,550,-1,0.044,0.5,0.898302342302441,0.005555575885887827
mae,1150,1400,5,0.016,0.8,0.8703208614068725,0.006894666173864348
mape,200,1150,11,0.018,0.9,0.8905493483145328,0.004304979917251901
mape,350,1300,4,0.012,0.6,0.8568073489042674,0.0076697568148451955
mae,400,450,5,0.036,0.5,0.8681148123567435,0.007174887770583509
mape,950,200,6,0.044,0.5,0.8706083541435644,0.006260709001199147
mape,1350,150,10,0.046,0.9,0.8838333483691689,0.004339041715876029
rmse,450,1300,4,0.028,0.4,0.885884011972334,0.005238855470641628
mape,700,850,6,0.02,0.9,0.8729005085113887,0.00662511814903833
mae,550,900,9,0.016,0.3,0.8849231711686365,0.004872884920461761
mape,1050,1400,12,0.004,0.2,0.859621620903809,0.0024682080454153086
mae,1350,750,4,0.048,0.9,0.8636911641707159,0.006655212321367333
rmse,150,100,9,0.03,0.4,0.8748957118896371,0.004857251863914293
rmse,300,1150,12,0.032,0.7,0.9123982272276818,0.004026694886057369
rmse,1100,800,3,0.028,0.9,0.8659935849720022,0.005797464963291212
rmse,150,650,10,0.042,0.8,0.9086788064746925,0.00433468634763707
mape,650,300,3,0.044,0.3,0.821920479919126,0.005254108409494252
mae,200,300,-1,0.044,0.9,0.8975827517966513,0.005410061372836755
mae,800,1350,7,0.032,0.9,0.8834620922400056,0.0056379938722844304
rmse,750,900,-1,0.012,0.1,0.8597793575522418,0.0020804002388820656
mape,700,650,6,0.036,0.2,0.8668883106773871,0.00387298420190242
rmse,600,1450,5,0.014,0.8,0.8897973326136017,0.004967893093446375
mae,650,1100,10,0.04,0.4,0.8943029100975879,0.003677724871160262
mape,350,550,10,0.018,0.4,0.8847594481245342,0.003560325358137747
mape,750,750,8,0.012,0.1,0.8080929122969231,0.0015689606572284705
mape,750,1450,11,0.028,0.3,0.8882644005031989,0.003490957812376403
mape,150,1300,9,0.036,0.3,0.8856298835844637,0.0034781751014958274
mape,600,1250,5,0.038,0.4,0.8719679973697643,0.006978306095881052
rmse,600,150,11,0.048,0.3,0.8929402452338928,0.0037721624182446853
mae,650,1400,6,0.004,0.3,0.8542093826027009,0.004631544050290831
rmse,1400,1450,12,0.038,0.6,0.9139392652673235,0.003050538468091447
mape,1400,750,12,0.02,0.4,0.8900593518190327,0.004115723669635833
mape,1150,1450,8,0.046,0.5,0.8886882941424433,0.005434402993614882
mae,350,1100,-1,0.008,0.5,0.9006048645046503,0.004778273717353637
mape,250,1100,8,0.016,0.6,0.8854092439881148,0.004587292972925693
rmse,800,750,9,0.044,0.7,0.9088252576895008,0.003401864162071349
rmse,150,1450,11,0.02,0.3,0.9092197222150693,0.0035549333943258603
rmse,1100,750,4,0.022,0.7,0.877372440857894,0.005775784094540279
mae,800,950,6,0.016,0.9,0.8743340959862971,0.006917992145722242
rmse,400,300,12,0.018,0.7,0.9008110156871927,0.004901773562406564
rmse,1350,150,3,0.006,0.8,0.5739285298002038,0.0039058144850974714
mape,600,700,5,0.04,0.7,0.8697829693491869,0.007934069958744171
rmse,550,950,7,0.03,0.5,0.9053252409742644,0.0037878587492978823
rmse,750,750,3,0.048,0.3,0.8698566850400518,0.005105596708280676
mape,1250,150,-1,0.014,0.8,0.8391424287838706,0.0026887762348896125
mae,300,500,6,0.032,0.9,0.8745377143605227,0.007064586731077497
rmse,900,650,7,0.04,0.6,0.9039133387487315,0.0039613252398200795
mae,100,250,11,0.044,0.2,0.8742155428593013,0.0035785687736911995
rmse,100,550,4,0.04,0.6,0.88098447877445,0.005514451761815144
rmse,850,800,4,0.046,0.5,0.8858969904619287,0.005144530110284556
rmse,800,200,3,0.02,0.8,0.8211412234820442,0.006071450157563632
mape,1450,1150,-1,0.012,0.5,0.8993106149543326,0.003954250233620489
mape,200,750,9,0.042,0.5,0.8901429696599811,0.0053577128665043055
rmse,300,550,10,0.014,0.4,0.902054981828336,0.003625365370833045
rmse,1450,1250,3,0.014,0.1,0.8199645587826705,0.0030855278921678338
mae,850,100,8,0.012,0.1,0.45927752036815256,0.008237471021737856
mae,1250,1250,3,0.016,0.6,0.8430953804344381,0.007589364852312556
mape,250,1400,4,0.01,0.9,0.8554610023584195,0.007905787932442631
mae,750,750,9,0.016,0.8,0.8880641907259483,0.004186091398045123
mape,1200,700,4,0.022,0.3,0.8491402822568759,0.005657600062349791
rmse,500,800,12,0.024,0.7,0.9101715364407783,0.003900647130371449
rmse,150,1250,9,0.036,0.4,0.9109340969033453,0.0026540734609785998
mae,1050,600,5,0.028,0.7,0.8693899571041075,0.0073060300051023385
mae,950,550,10,0.01,0.2,0.8640970743844718,0.00323419804244818
mae,1100,850,9,0.01,0.2,0.8723156570802303,0.003317140661296085
mae,450,200,-1,0.02,0.5,0.8892938033901652,0.004405793479686867
mape,950,1100,12,0.018,0.4,0.8917078664095941,0.00406955022883704
mae,1100,1250,3,0.012,0.6,0.8393677846257428,0.00785145420233685
mape,1300,600,10,0.02,0.3,0.8813535033010603,0.004387622802004696
rmse,1250,400,5,0.038,0.1,0.8529710135302686,0.002637508357407707
mape,100,1250,11,0.04,0.9,0.8925590471811775,0.005105603111954297
rmse,600,1200,6,0.042,0.9,0.9033589008865351,0.003453905346658699
mae,250,150,11,0.042,0.2,0.8688027467715947,0.003902999815595901
rmse,400,600,11,0.022,0.6,0.9086072446959625,0.004053474197873678
mae,500,500,5,0.034,0.3,0.8630281406430044,0.00617299592270678
mae,100,1300,10,0.004,0.4,0.8803127426874541,0.004894018836998695
mape,550,1050,6,0.006,0.3,0.8559698141318296,0.004496597748884204
rmse,100,900,10,0.042,0.4,0.9108269516793881,0.0028967995735608622
mae,1400,1200,5,0.018,0.8,0.8704801488008995,0.007131286491529543
mape,1250,200,6,0.042,0.1,0.7837940328394353,0.002047062535764839
mae,1250,500,5,0.032,0.1,0.8144347444355526,0.0021604824451117743
mape,600,1250,7,0.026,0.5,0.8830038681446453,0.005098271688289451
mae,1450,550,7,0.028,0.6,0.8814793109859564,0.00601616520776041
rmse,450,1050,10,0.026,0.3,0.9071414833221262,0.0037215335345245045
rmse,150,1350,11,0.018,0.2,0.9032805078161885,0.003344072876513333
rmse,1300,950,11,0.01,0.9,0.9015080536435524,0.005082321646989806
mape,650,1300,5,0.04,0.7,0.8720681266803555,0.00792363622468008
rmse,1350,200,12,0.03,0.7,0.9019853985428655,0.004655012069525476
mape,250,850,6,0.028,0.5,0.8774799544608349,0.006359029790123952
mape,250,1150,-1,0.036,0.6,0.9001862088330412,0.004917431352597792
mae,100,1250,10,0.01,0.3,0.88545706301068,0.00484756090668834
mae,600,300,9,0.016,0.7,0.8836444467116322,0.005099619482020391
mape,100,1350,6,0.038,0.1,0.860281013694512,0.004376768756765316
rmse,1200,850,6,0.048,0.2,0.8940190328953845,0.004758575449667593
mae,1200,800,11,0.012,0.5,0.8936585115291233,0.004534987655821506
rmse,450,250,12,0.018,0.6,0.8994110034294763,0.004496820971196721
mape,150,850,8,0.034,0.2,0.8769881164790501,0.0032286853986132286
rmse,950,1250,10,0.004,0.8,0.8955320120938961,0.004959653201386877
mape,700,500,11,0.008,0.2,0.8400707443784732,0.0018818024471299645
mae,1450,1450,3,0.008,0.2,0.7928637544943907,0.0016774355625258051
rmse,1450,550,8,0.034,0.6,0.9054219787297983,0.0035074920596443815
mae,1050,800,9,0.012,0.1,0.8268973168439104,0.0026871728107329376
mape,600,600,5,0.024,0.6,0.8678528870260528,0.007189662883787326
mae,300,1450,9,0.02,0.6,0.8932105854847479,0.005248828398566105
mape,1350,600,4,0.028,0.8,0.8578165920164376,0.006764425670788549
mape,350,1400,5,0.01,0.8,0.8668277854656576,0.0067292982220168805
rmse,450,350,-1,0.022,0.8,0.9066591402565762,0.004770804018371338
rmse,650,750,11,0.034,0.9,0.9063963381359085,0.004315558580455699
mape,600,100,11,0.04,0.2,0.839133533734677,0.0014925513529892818
rmse,1350,200,10,0.036,0.2,0.8875822213410394,0.003440506400276968
rmse,650,950,9,0.022,0.3,0.9045586961885242,0.004031156200053529
rmse,800,1350,4,0.042,0.4,0.890174055015837,0.00485827227660345
rmse,450,700,7,0.044,0.6,0.9055765416620303,0.003573509110012261
mape,1450,200,12,0.038,0.1,0.8025951682370334,0.002184879473178426
rmse,300,600,9,0.024,0.4,0.9051178300968645,0.003416677058513384
mae,1350,1150,-1,0.024,0.6,0.9044989274981966,0.004682572290719421
mape,1400,350,11,0.018,0.4,0.8823228247986916,0.0039891306869405466
rmse,750,1350,10,0.022,0.1,0.8821725167507637,0.003146177265439506
mae,800,900,5,0.006,0.8,0.8578469206460149,0.007259594175390302
mape,450,350,11,0.046,0.3,0.8808617036374002,0.003563816113342837
rmse,200,300,12,0.034,0.2,0.8950179418030715,0.003473156532083748
mape,1150,150,9,0.032,0.2,0.8480306626158877,0.002070094116454869
mape,1000,550,8,0.026,0.7,0.8832509159062013,0.004625768721470363
rmse,150,1250,7,0.02,0.8,0.9027155220960149,0.004044333414875256
mae,1400,150,7,0.038,0.1,0.7669732622095684,0.0012413474006016199
mape,1350,100,12,0.032,0.9,0.8722351176443527,0.002770883480821001
mape,900,1300,10,0.008,0.3,0.8818141776313285,0.00470801664357745
rmse,1200,950,3,0.01,0.6,0.853089559526039,0.0058339504134728324
mape,1400,450,6,0.048,0.9,0.8741289722727055,0.006641318292578876
rmse,1450,1300,9,0.034,0.6,0.9114563929963201,0.0030129082419913206
mape,1450,400,4,0.044,0.5,0.857599382092223,0.006626610309894086
mape,1150,850,10,0.048,0.5,0.8926044992370648,0.004688535891371035
mape,300,1150,9,0.02,0.1,0.852069756069263,0.003350843307338369
rmse,1300,1000,12,0.044,0.2,0.9031168525851119,0.0029116263029531804
mape,1050,250,10,0.038,0.3,0.8757613274332692,0.00405064036444993
mape,1300,250,3,0.022,0.3,0.7743664631338442,0.001832223927149163
rmse,850,650,12,0.012,0.7,0.904963531738655,0.0043102545612272855
rmse,1050,300,12,0.018,0.6,0.9022746596394647,0.004354004197347288
mae,1100,700,-1,0.036,0.6,0.903162795317627,0.005198341373389858
mape,500,1250,3,0.018,0.1,0.7797024344329373,0.0029794655183292993
rmse,1400,500,6,0.012,0.5,0.8833045179324681,0.005431052768735085
mape,400,550,12,0.038,0.5,0.8934563024558742,0.004061169424144875
rmse,750,1350,-1,0.012,0.8,0.9116001994824592,0.004417573813099903
mae,1350,400,8,0.022,0.6,0.8843935690877718,0.005295621740311707
mae,300,450,4,0.018,0.9,0.8509065378367029,0.007491890117140031
rmse,700,850,3,0.02,0.2,0.8502164947643094,0.00419580271642727
mae,850,700,3,0.042,0.7,0.8484766164386309,0.008434943424661081
mae,700,850,6,0.038,0.2,0.8723501659965014,0.003593609944655787
mae,1300,1150,4,0.044,0.3,0.8644163005730892,0.007402385729199217
mae,1300,250,8,0.044,0.1,0.8254282381497222,0.0032574728268578252
rmse,100,1000,7,0.042,0.9,0.9056987102569836,0.004280984687061866
mape,850,200,12,0.016,0.1,0.6994840849622503,0.0035653319552608853
rmse,1300,150,7,0.02,0.8,0.8733509258473362,0.005418581368195652
rmse,500,450,11,0.03,0.5,0.9084112533747224,0.003286948005259311
mae,150,400,12,0.036,0.8,0.8933489655041555,0.004231034936529664
mae,600,1300,-1,0.012,0.7,0.9041055936777281,0.004834358790053315
mae,750,250,-1,0.044,0.1,0.8314089338847441,0.003647817743421417
mape,1350,1400,4,0.042,0.3,0.864212618345898,0.006830928074183162
mae,450,1450,9,0.006,0.7,0.8887766332680986,0.004925145348229859
mape,450,400,10,0.032,0.4,0.8865806850541558,0.004324016857982169
mae,450,850,9,0.012,0.4,0.887472403353548,0.003906272807088382
mape,800,600,9,0.014,0.1,0.8089585777680537,0.0021853314170459863
rmse,250,1450,-1,0.02,0.8,0.9132880811898423,0.004782259633936571
mape,1000,1100,11,0.012,0.6,0.8921604165368472,0.004640260689455811
mae,750,350,11,0.03,0.1,0.8337162965844749,0.002961782247848744
rmse,250,1150,4,0.006,0.7,0.8646930192054343,0.005850996072118873
rmse,550,100,7,0.004,0.1,0.23607441969762963,0.0013808201651088104
mape,400,900,7,0.04,0.8,0.8814487791745549,0.0052564348366714655
mae,1050,350,9,0.046,0.3,0.8821239783811782,0.004624786530330118
mae,500,350,12,0.014,0.7,0.8922175104510675,0.004345775004136214
mape,150,1200,4,0.012,0.8,0.8557867806436872,0.008061355967752875
mape,850,150,8,0.042,0.4,0.8742020098469439,0.005012088332784068
rmse,1050,1300,8,0.016,0.2,0.8981288638375791,0.0034249419405874277
rmse,900,550,5,0.048,0.2,0.8834644514092669,0.004422962619300916
mae,1450,350,7,0.044,0.6,0.8804411708147304,0.0060275891972366435
rmse,750,1250,11,0.018,0.5,0.9113438082365187,0.0033208786048690977
mape,950,1400,11,0.042,0.2,0.8843910709601693,0.0032781568157800563
mae,1450,1150,4,0.026,0.1,0.8257002067102392,0.002912962874093782
mape,1150,1400,8,0.028,0.9,0.8843655639398296,0.00376426667578427
mae,100,600,5,0.024,0.5,0.8684593818861424,0.007235854626759167
rmse,1300,1450,7,0.02,0.3,0.9018712253880397,0.003997896875313305
rmse,1050,1200,7,0.038,0.3,0.904083655092496,0.004286259117884968
mape,450,1250,5,0.01,0.9,0.8653094894166103,0.00736657779290571
mape,1350,450,11,0.012,0.7,0.8867234764536309,0.004354798314460928
rmse,650,800,7,0.028,0.9,0.9010647334755751,0.004446767726612436
rmse,1350,1350,9,0.026,0.8,0.9088469282156588,0.003728741380046988
mae,1150,900,8,0.02,0.8,0.886068547640803,0.005362257078646138
mae,800,250,6,0.016,0.3,0.8295138654343233,0.0024530836820352503
mape,1000,1050,7,0.028,0.4,0.8815314770357294,0.00502968400558096
mape,600,1050,7,0.034,0.3,0.8795517623979607,0.005152238751879969
rmse,350,950,-1,0.046,0.6,0.914356588683545,0.0031353298274477497
mae,1400,500,7,0.024,0.5,0.8801319333858741,0.005688479880103935
mape,1450,1350,8,0.042,0.2,0.8807032854017751,0.002658932712984905
mape,250,1350,6,0.042,0.4,0.8793153923240258,0.005565722478033669
rmse,1250,450,4,0.024,0.7,0.8713675648907977,0.0055363476751490405
rmse,300,750,3,0.008,0.9,0.8388951258518975,0.006687188881318081
mape,1050,1300,12,0.006,0.1,0.8070157791182929,0.00209157525518379
mae,650,200,3,0.032,0.6,0.8220844031194721,0.006832325993574315
mae,400,1300,12,0.012,0.2,0.8836854206303599,0.003820175633000669
mae,1250,450,12,0.046,0.8,0.8980287107094334,0.00407721116919329
rmse,1150,1050,12,0.008,0.6,0.9069592189322896,0.0042083601023452395
rmse,1300,1200,11,0.04,0.9,0.9090899001910479,0.005018171363039428
mae,550,500,4,0.038,0.5,0.8587614260961746,0.008618210792478409
mae,450,1450,6,0.004,0.6,0.8689086224034683,0.006400757263318138
rmse,400,200,6,0.02,0.3,0.8592961165000502,0.0051659070959377785
mape,1400,1350,10,0.022,0.1,0.8558239827184466,0.0035413182822052695
mape,1250,1350,-1,0.038,0.7,0.9023181104602124,0.004289889315616945
mape,200,1200,-1,0.04,0.1,0.8547782501021718,0.0034781937201517773
mae,150,250,3,0.042,0.2,0.7918090526607829,0.001752655557209494
mae,200,100,10,0.044,0.8,0.8843758697985531,0.004022729265017991
mae,1100,450,-1,0.03,0.8,0.9019913161905636,0.004940575816011464
rmse,1350,100,8,0.024,0.4,0.8567794844509825,0.004310253680560282
mape,1000,350,-1,0.038,0.4,0.8914725697960864,0.003929295586028837
mape,200,950,6,0.014,0.8,0.8726288490528243,0.0060080929849427285
mape,1100,100,3,0.024,0.9,0.7730694219705452,0.00551004566942368
rmse,1450,1050,11,0.012,0.3,0.9040989549761049,0.0037798857264192214
mape,1150,700,12,0.032,0.5,0.8946634590470532,0.004277116378398033
mape,700,650,3,0.004,0.6,0.7706151790185762,0.004354629303013514
mape,1150,500,3,0.036,0.8,0.8413065230730368,0.007761453285263448
rmse,400,350,7,0.024,0.5,0.8945445980609842,0.0052046559081182515
mae,1350,1350,7,0.018,0.7,0.8828345696567461,0.0057098748752198785
mape,650,550,6,0.024,0.5,0.8742101929061046,0.0062752120260309765
mae,350,450,11,0.028,0.5,0.8939491692215309,0.004483734988861658
rmse,1250,1350,11,0.008,0.9,0.9026526097272086,0.005431571760429761
mape,1150,1250,9,0.032,0.6,0.8907915538812505,0.004676204478697346
mae,300,150,9,0.008,0.1,0.46695375451095833,0.007884194739748081
mape,700,450,5,0.036,0.7,0.867416468955424,0.008431025881840396
mape,600,600,7,0.02,0.5,0.8790470244446701,0.0063390516208778995
mae,200,1050,5,0.006,0.8,0.8608646016672106,0.007233048129073108
mae,1300,600,-1,0.044,0.5,0.9023033249542138,0.004111224005363075
rmse,100,1250,3,0.016,0.1,0.8271669097449657,0.003167101642127606
mae,1050,100,12,0.046,0.8,0.8896386444560072,0.0038971441948928267
mape,600,850,4,0.038,0.4,0.8618122767196008,0.008270957103880509
rmse,550,250,9,0.044,0.1,0.8594133472665084,0.003504097037276527
mape,1450,100,9,0.004,0.6,0.3466572322349931,0.00667351933010909
mape,1000,450,-1,0.02,0.6,0.8963308378272954,0.003919000646267022
mae,150,200,4,0.034,0.6,0.8463315897539363,0.007022161472727339
rmse,1100,1050,5,0.034,0.6,0.8958698038551423,0.004715186310529047
mae,400,100,4,0.046,0.8,0.8372876697353866,0.005276777401369647
mae,750,900,3,0.024,0.5,0.8458280843618323,0.007376198070393257
rmse,550,1250,10,0.01,0.2,0.8966658537597816,0.0033926569946484196
rmse,550,750,5,0.022,0.2,0.8791178851885315,0.003831720837003916
mape,600,700,-1,0.046,0.2,0.8808323787148173,0.004558796692320799
rmse,200,1450,10,0.026,0.9,0.90908267950887,0.004049276825657137
rmse,1350,350,7,0.034,0.4,0.8961892438803043,0.004159716223504292
rmse,1350,200,6,0.018,0.6,0.871377041150393,0.005463598732228483
mape,1350,1350,7,0.034,0.7,0.8830634611062589,0.005451051835640725
mape,1400,100,11,0.008,0.1,0.3289918200006603,0.01072729346010894
mape,700,1300,10,0.02,0.8,0.8914675568880303,0.003988121025445221
rmse,550,1150,6,0.02,0.4,0.8978488801691928,0.004189462216389383
mape,850,1000,6,0.046,0.7,0.8775659101499703,0.006624222033886554
mape,1350,900,9,0.036,0.8,0.8879655013591984,0.0032211807784922717
mae,150,700,8,0.01,0.8,0.8824190009948513,0.004779332506545017
mape,450,550,7,0.016,0.3,0.8691783160956441,0.0049618530230318425
rmse,1200,350,4,0.01,0.2,0.7867155715167151,0.0032047748931436164
mae,150,1000,9,0.016,0.7,0.8900284302497186,0.005052543654642243
rmse,300,850,10,0.03,0.5,0.9103108031857686,0.0035169024310904803
rmse,250,950,11,0.03,0.6,0.9124145662192945,0.003422589132833753
rmse,500,1400,10,0.026,0.2,0.9039225428531299,0.003334446537526057
rmse,900,300,10,0.008,0.9,0.8744869141142864,0.004977356252757458
mape,650,900,9,0.02,0.4,0.886405071878788,0.003923011614428527
rmse,750,800,7,0.006,0.3,0.8777605951539852,0.0045189535250832105
mae,750,1300,3,0.042,0.7,0.8547800269981515,0.008551662511463307
mape,1400,250,5,0.026,0.6,0.8607347172359519,0.006717305304198465
mae,1050,700,10,0.01,0.8,0.8896006596676052,0.004173142494699224
rmse,400,1100,6,0.036,0.3,0.900005898449315,0.004647956515336592
mae,550,750,-1,0.04,0.4,0.9004973007145997,0.004152248280769024
mae,200,450,10,0.022,0.6,0.8918528220380314,0.0047363848954592065
mae,200,950,-1,0.036,0.8,0.9017186890547175,0.005100664734753298
mae,950,750,4,0.042,0.8,0.8634572872574334,0.007435394254764928
mae,1050,850,7,0.044,0.7,0.8838004494214902,0.006483472186244756
mape,150,1200,-1,0.006,0.7,0.8902655640069645,0.004335671905735538
mape,700,600,4,0.01,0.8,0.8436711297924508,0.006893114948912234
rmse,1150,1350,7,0.036,0.1,0.8868921000139212,0.0032741772712716888
rmse,800,1000,9,0.024,0.9,0.9046478772202755,0.0038699017494851513
rmse,850,850,4,0.006,0.7,0.8569853628866717,0.005964846254895121
rmse,800,950,6,0.006,0.8,0.8815209843746408,0.006128777934908172
rmse,100,950,12,0.026,0.9,0.9104307175987332,0.0041492359204338275
rmse,800,1400,4,0.038,0.2,0.8839424591076155,0.003550625558749358
mape,650,200,12,0.018,0.7,0.8774764048777555,0.003510820893454223
mae,550,450,9,0.044,0.4,0.8880395284858448,0.004079296053367828
mape,1450,1300,11,0.048,0.7,0.8956543076206269,0.004005047311609113
rmse,800,100,12,0.032,0.5,0.8896977501392145,0.004162798139346553
rmse,550,800,-1,0.004,0.4,0.8881403785015034,0.00419351773694461
rmse,500,1050,7,0.02,0.7,0.9026624516424351,0.0040893472025869985
mape,1300,1250,8,0.006,0.5,0.8817359612674639,0.004905816816689874
rmse,750,200,10,0.018,0.1,0.7725557080035774,0.0017584279825480415
rmse,900,1000,5,0.004,0.5,0.8633321716982856,0.005865519984250738
rmse,1400,1200,7,0.018,0.2,0.8954472344339514,0.0035793549695020276
mae,150,500,4,0.048,0.9,0.8611550799255457,0.006888583148321506
mape,1350,1050,7,0.004,0.3,0.8473543564225023,0.0035643119723851027
mape,700,900,7,0.032,0.7,0.8815384956878938,0.006536133332893763
mape,700,1000,6,0.006,0.6,0.8692493499260259,0.006166148446432474
mape,150,750,8,0.028,0.9,0.8823751894480155,0.004723499124360988
mape,1200,1300,9,0.044,0.1,0.862172125920295,0.004414677755149738
rmse,200,1250,7,0.008,0.6,0.8966372837314451,0.004519988375712921
rmse,1200,750,9,0.008,0.8,0.8959218771447037,0.005208979765972732
mae,950,1400,-1,0.01,0.8,0.9028374057187356,0.004727325202348823
mape,1100,1050,3,0.024,0.6,0.8462539936295199,0.008520976605614357
mape,450,350,10,0.048,0.3,0.8800453967443638,0.0034327004524317096
mape,800,1250,-1,0.04,0.4,0.8970738684924962,0.004623194105879151
mae,300,450,7,0.022,0.8,0.8789664175784526,0.005368523676482531
mae,200,1350,3,0.024,0.8,0.8487186939198703,0.008116938655116882
mae,300,1000,-1,0.014,0.5,0.9018899644446784,0.004386448047395128
mape,1300,850,6,0.044,0.1,0.8540011231160326,0.003253159512011625
mae,1300,750,8,0.014,0.3,0.8792271656983177,0.004298419069876424
mape,550,450,9,0.03,0.4,0.8838081813956511,0.0042959816903013325
mae,350,600,11,0.012,0.2,0.873124711174319,0.0036080874267817578
mae,700,1150,5,0.022,0.9,0.870342992065428,0.007760981764576362
mape,750,1400,-1,0.042,0.1,0.8502503711146914,0.003367466762267411
mape,1000,450,10,0.01,0.7,0.8821343988000157,0.003620202341740998
mae,100,350,12,0.04,0.6,0.8908218012839643,0.005462416653513373
rmse,1200,1100,10,0.014,0.3,0.9047039879906369,0.0033787458377645156
mae,200,300,11,0.042,0.9,0.8914090694348477,0.0048577411112998205
rmse,950,1450,4,0.042,0.9,0.8904927984833508,0.004735318301708925
rmse,350,150,11,0.01,0.3,0.7854446410668613,0.003081522720111262
mape,1400,100,6,0.03,0.3,0.8015699096358981,0.0015100245708626059
mae,1350,1100,5,0.034,0.1,0.8495135476179629,0.003297125630440491
mape,1250,1250,3,0.022,0.5,0.8463159652786748,0.007392358920945225
mae,1000,1350,12,0.016,0.9,0.8983220547866991,0.004808851426923669
rmse,800,200,-1,0.032,0.9,0.9019677090643763,0.00501621504211058
mape,1050,100,11,0.024,0.8,0.8530923733189582,0.002897694730838957
rmse,1400,600,3,0.006,0.1,0.6364647891499956,0.0018262596478319014
mape,1100,450,7,0.042,0.3,0.8734122594130528,0.0058442356211750104
mae,700,1150,7,0.044,0.5,0.88603825514622,0.00591059063136386
mae,700,950,6,0.038,0.1,0.855590312079541,0.0036005422843554077
mae,850,750,-1,0.014,0.2,0.8834692177843347,0.0034044176397085048
mae,100,1450,7,0.012,0.7,0.8815482216202164,0.0060391446903896315
mape,1300,200,10,0.01,0.4,0.8080893075002931,0.0012310933350074393
mae,100,100,6,0.028,0.7,0.846484546072762,0.004921840430799722
mape,950,400,10,0.02,0.9,0.8856874606975921,0.0042987032169248315
mae,800,600,11,0.018,0.6,0.8947228973767409,0.004739578721567552
mae,550,900,5,0.024,0.3,0.8667210300838681,0.006529935600250354
mae,1050,350,4,0.04,0.4,0.8539089037666894,0.008387154314477226
mae,950,350,6,0.03,0.6,0.8739982116860173,0.0067952762217513086
mae,1050,1050,11,0.026,0.1,0.8577634900623302,0.00339258009498811
rmse,750,1150,9,0.026,0.9,0.9057664450868814,0.004504187661005567
mape,1350,500,3,0.046,0.9,0.8432272042482067,0.010409330882551615
rmse,950,600,6,0.018,0.9,0.8891722551426271,0.0058436697725373025
mape,600,100,6,0.004,0.5,0.31121566380771093,0.007010119957176582
mae,1350,850,11,0.012,0.7,0.8944557264800677,0.004287942648987522
rmse,1300,400,7,0.022,0.8,0.8935895055228126,0.004752439222970043
mae,900,1150,-1,0.038,0.7,0.9051533625245526,0.005342786605318849
mape,1000,1050,-1,0.034,0.6,0.9013747662026461,0.0044748365672815345
mae,1100,200,4,0.022,0.3,0.7917528167233685,0.0029358994251628264
rmse,950,1000,6,0.01,0.4,0.8892053657792534,0.004425011737541845
mape,1050,550,7,0.01,0.9,0.8727374119377801,0.005445455074405788
rmse,700,200,11,0.02,0.2,0.870986016598189,0.003410262829895684
mae,1050,550,12,0.004,0.4,0.8451104916632389,0.003080803577790718
mape,1000,250,3,0.038,0.4,0.8221422651031612,0.005944326057789713
mae,200,1400,10,0.008,0.4,0.8908102119319758,0.004449034340589097
mae,1300,850,6,0.03,0.3,0.8756073462285813,0.006017126337149536
mae,1150,950,6,0.044,0.6,0.8796802618685955,0.006570822622096496
rmse,600,650,3,0.032,0.6,0.8662848628061741,0.0055281570726063755
mape,450,750,7,0.016,0.9,0.8768592358296496,0.0067093696283047405
mape,650,1100,4,0.026,0.8,0.8613107228672501,0.008191014559889987
rmse,600,150,-1,0.006,0.9,0.7243328666463249,0.0017967595501910943
rmse,800,200,7,0.036,0.1,0.8318291464644011,0.0032664769295655265
mae,1000,1450,10,0.048,0.4,0.8958251673374621,0.004361820057591358
mae,750,300,12,0.038,0.9,0.89440577264581,0.0055781906711530925
mape,300,1300,4,0.024,0.2,0.8533928350530126,0.004546505171759885
mape,200,300,11,0.028,0.4,0.8839730552610676,0.003662615743633575
mae,550,550,3,0.008,0.1,0.5840513059457891,0.010084949180938631
mape,950,800,7,0.01,0.4,0.8749616870615153,0.005187752558689836
mape,1000,1050,7,0.02,0.5,0.881522564988736,0.006377111943338263
rmse,1450,750,11,0.02,0.3,0.9041941487096964,0.00385455822696959
rmse,1150,500,7,0.028,0.6,0.8990316042593269,0.004121211075343716
mape,1100,1200,5,0.03,0.6,0.871507703990651,0.008029783659556354
mae,350,1200,3,0.04,0.4,0.8554338393066457,0.0074431782810047385
mae,850,650,12,0.03,0.9,0.8969281823470235,0.00518220216560016
mae,800,150,3,0.032,0.9,0.8147336661303066,0.006212697000019651
rmse,750,1200,3,0.042,0.9,0.8767799904143081,0.00581637387858024
mae,1000,950,3,0.012,0.5,0.8332888315306376,0.007094282600311621
rmse,550,700,10,0.01,0.8,0.9000199993514103,0.005171299028003538
mape,1450,550,5,0.016,0.1,0.7621138026250255,0.002938930744254146
rmse,550,500,4,0.026,0.5,0.8739636519717271,0.005930070828500764
mape,1050,1000,7,0.032,0.3,0.8788274197117513,0.005220651702697
rmse,650,200,4,0.042,0.6,0.868262019518049,0.006303358937304752
rmse,150,600,-1,0.018,0.7,0.9115605715893272,0.004443554933464058
rmse,550,700,-1,0.014,0.3,0.9054432378273056,0.003913754368105951
mae,350,750,3,0.004,0.8,0.7920061881504126,0.007025438527055923
mape,1250,650,9,0.018,0.2,0.8724961771909341,0.0032127641415630884
rmse,600,850,5,0.042,0.1,0.8744676176098616,0.002999121267055075
mape,1150,550,11,0.024,0.7,0.8915466604685711,0.004256368487953049
mae,1250,800,-1,0.034,0.8,0.9034062143592196,0.004749298954198713
mae,1150,1100,3,0.04,0.7,0.853094292004191,0.007551654398896641
rmse,300,250,8,0.02,0.4,0.8891466077572562,0.004435357134502394
mape,1400,500,3,0.038,0.7,0.8423230467321872,0.008373384200255218
mape,200,450,7,0.03,0.8,0.8783424771817683,0.005328859796141364
rmse,900,1050,7,0.04,0.9,0.905672006796545,0.003797681867653083
mape,450,150,12,0.012,0.9,0.8168360668824509,0.002479897166713139
mae,550,1300,5,0.034,0.4,0.8746472724186023,0.007675916163960779
mae,550,700,12,0.034,0.3,0.8896956599737796,0.0049438826576064234
mae,700,1200,-1,0.028,0.6,0.9044125024684955,0.004568333577055775
mape,300,150,11,0.012,0.1,0.5712267909346105,0.007519083581163801
mape,1400,1450,3,0.048,0.2,0.8479273156148533,0.005122589166267794
mape,550,1200,3,0.04,0.8,0.8502349250577526,0.008519243672696004
rmse,450,450,8,0.012,0.5,0.8940513029643107,0.004348085464162454
mae,650,700,8,0.026,0.5,0.8867564337652841,0.004604910429287008
rmse,1350,350,6,0.004,0.9,0.7859145859007066,0.004944597298046764
rmse,1100,600,3,0.042,0.8,0.8672181972835594,0.005591920267556395
mae,850,900,5,0.048,0.1,0.8506516073344308,0.003780116038695843
rmse,1100,850,8,0.036,0.9,0.9051083412100263,0.004023968485054636
rmse,650,1300,8,0.048,0.2,0.9032396346441766,0.003461017566186648
mape,150,950,3,0.012,0.6,0.8333730253468241,0.007775798682938632
rmse,1150,800,9,0.042,0.8,0.9078674434307265,0.0040732180650173986
rmse,850,1150,10,0.048,0.6,0.9128756956199955,0.003377117401847025
rmse,600,1450,12,0.04,0.6,0.9143102180354807,0.003666968981465676
mape,600,1450,5,0.01,0.3,0.861461165442142,0.005490799571717179
mae,950,500,4,0.03,0.6,0.8580286952304109,0.007894960163275533
mae,650,1350,3,0.006,0.8,0.828816566959016,0.007835396019589004
mae,1200,950,7,0.046,0.8,0.8828335610270059,0.0054145732992958735
mape,1350,200,-1,0.042,0.2,0.8676922260173288,0.003040191377687573
mae,1350,1150,3,0.006,0.1,0.6564888285070895,0.009351301265143023
mape,1450,250,7,0.042,0.7,0.877185207776462,0.005296837213835531
rmse,1000,1000,5,0.03,0.7,0.8942218950022025,0.004260549781634935
mae,150,1450,6,0.012,0.1,0.8325767615386567,0.002359355424504829
rmse,300,400,5,0.038,0.3,0.8812441239520127,0.00588315285856533
mape,1300,750,5,0.014,0.1,0.7815951651827978,0.0015465151192060828
rmse,300,250,6,0.048,0.3,0.8859906904048211,0.004890858104828114
rmse,450,500,6,0.022,0.9,0.8897023920742879,0.0054215377974538665
rmse,1400,1050,8,0.026,0.8,0.9047812186458344,0.004166251356140914
mape,900,200,8,0.018,0.3,0.8400797408958527,0.0028973012522467358
mape,1400,900,12,0.012,0.6,0.8927127757099352,0.005024362972940793
mape,600,1450,10,0.01,0.4,0.8886986680416341,0.003902447984491331
mape,400,1050,-1,0.016,0.8,0.8995361813762326,0.004557394031172193
rmse,1400,550,10,0.024,0.6,0.907490241328285,0.0035465616180501125
mae,850,700,9,0.026,0.8,0.8898798271205728,0.004203725251683949
mape,1200,300,3,0.004,0.1,0.2854526386045857,0.012762375807051014
rmse,1000,500,6,0.014,0.9,0.8838885669887919,0.005928965461346057
rmse,1150,1050,4,0.014,0.3,0.8722051343073813,0.005200677984727749
mape,1200,450,9,0.044,0.3,0.8804232868330893,0.003699976986052075
rmse,900,750,11,0.014,0.9,0.9026891246977651,0.00544532152401234
mape,150,1100,4,0.046,0.4,0.864219322510145,0.008240566762448585
mae,1450,100,7,0.032,0.8,0.861776574689697,0.005381933131881464
mape,1000,1450,8,0.02,0.6,0.8870081677301895,0.004626995351370551
mae,250,1050,7,0.022,0.9,0.8809220984864743,0.005969027905975309
mape,750,300,12,0.04,0.9,0.8899304038395801,0.00281433466916245
mae,1100,650,6,0.016,0.1,0.8003225037648325,0.0011947286622305017
rmse,1400,1150,-1,0.024,0.7,0.9136059642516745,0.0038062095885204126
rmse,700,100,5,0.01,0.7,0.6912110497504256,0.00365132566560143
rmse,850,500,3,0.042,0.2,0.8547028524490388,0.004185307384354222
mae,650,100,11,0.034,0.7,0.8830268982581906,0.004412802991777024
mae,550,100,5,0.008,0.6,0.5599964882287732,0.0029968056786285986
mae,1400,950,9,0.022,0.2,0.8818646222290363,0.003455154256507397
rmse,1250,400,4,0.046,0.1,0.8464072367081643,0.002401452129294548
mape,450,500,5,0.014,0.9,0.8614310734418908,0.007750726002578829
mae,1400,1300,4,0.04,0.7,0.8672342837437774,0.007594503900259773
rmse,850,350,9,0.01,0.1,0.7620558664804686,0.001687581433166999
mae,1400,1250,-1,0.018,0.6,0.9040138590461295,0.005068438248297075
mae,650,650,10,0.044,0.8,0.8944487774864095,0.004248837749186894
rmse,950,950,12,0.048,0.2,0.901591945288617,0.0033518574918682707
mae,1450,1350,5,0.006,0.6,0.863487271413818,0.007506405602852141
mae,700,150,10,0.042,0.1,0.8024027445842478,0.002014447718394305
mape,350,1300,12,0.03,0.6,0.8964282890861645,0.0037938537365868083
rmse,1050,1450,7,0.004,0.7,0.8887616083037742,0.005322438581447292
mae,850,850,-1,0.028,0.5,0.9037703034744577,0.0047048103799804475
mape,950,850,10,0.012,0.9,0.8869096152420682,0.003942906507557936
mae,1000,550,11,0.024,0.5,0.8943972375667617,0.004387034399336856
mae,1300,650,12,0.008,0.9,0.8911482847609598,0.004273389120063376
mape,1450,200,7,0.026,0.9,0.8719065856130654,0.005304995939774401
rmse,100,350,-1,0.04,0.3,0.902215458663534,0.0038315893835441923
rmse,250,350,-1,0.036,0.4,0.9101189231259285,0.0036884813305134417
mae,1250,1350,4,0.04,0.6,0.8672341705378461,0.006898582925688745
rmse,1100,250,4,0.014,0.9,0.8413379664810834,0.006366653319228364
rmse,500,1200,9,0.04,0.1,0.8865838282756233,0.003992964289506352
rmse,350,500,10,0.034,0.9,0.9044161665416429,0.0053897600176441235
rmse,400,150,-1,0.022,0.5,0.892335129519403,0.004111287495983653
mape,1300,1350,6,0.044,0.9,0.8766438875498138,0.006378841187714616
rmse,1300,850,3,0.024,0.9,0.864982126175293,0.005785539705960765
mape,750,150,8,0.048,0.5,0.8786412166625238,0.004951731570249032
rmse,850,750,8,0.044,0.7,0.9078878810472486,0.0032969178021318175
rmse,400,400,6,0.03,0.3,0.8870786538374494,0.004867268052004247
mae,1250,450,5,0.028,0.1,0.7998871300374282,0.0024014774543956357
mape,300,400,3,0.042,0.6,0.841041416957802,0.007276511048801719
mape,250,350,10,0.028,0.1,0.8193813274956859,0.002721257556278154
mae,400,1200,12,0.016,0.7,0.899525648681149,0.004050495037632108
mape,1350,400,7,0.006,0.8,0.8408285526022115,0.004554374251179642
mape,950,250,9,0.04,0.5,0.8849312966875951,0.004720621817235428
mape,350,100,6,0.028,0.1,0.6290286037378475,0.005954918213809667
mae,450,1400,5,0.046,0.1,0.8599101381737126,0.0040665065676148415
rmse,800,400,6,0.02,0.9,0.8855796497110493,0.005770343268588522
rmse,550,400,8,0.018,0.5,0.8973320831683402,0.003982086508935132
mae,550,450,12,0.008,0.5,0.8853842918027857,0.004091289690108518
rmse,1050,1450,10,0.016,0.3,0.9074052156687079,0.003678269501618825
mae,1400,800,10,0.014,0.4,0.8903852571388939,0.004044205783644179
mape,900,450,6,0.016,0.3,0.8581084255882618,0.004535187877952112
rmse,950,1000,10,0.022,0.1,0.8785892560636022,0.0029990328277894325
mae,1100,500,3,0.042,0.8,0.8436255877596012,0.00887515128166105
mape,300,400,12,0.01,0.8,0.8815346362222234,0.003446176524872886
mae,1300,1300,6,0.012,0.2,0.865962432875546,0.004073993090086533
rmse,1400,150,-1,0.024,0.8,0.8942695120966047,0.004956200777463067
mape,800,150,8,0.036,0.3,0.8607323029086293,0.004733276458516148
rmse,1100,400,4,0.012,0.3,0.8405286352078367,0.005519983847760026
rmse,350,1150,11,0.014,0.5,0.9101149067180422,0.0034356498410847026
mae,300,1250,4,0.032,0.3,0.8633166366160955,0.006831708835412797
mae,600,800,12,0.04,0.6,0.8993364922847953,0.004939157158418763
rmse,100,1300,12,0.008,0.3,0.902035588875425,0.00414881088961398
mape,1450,1000,10,0.008,0.4,0.8846568405408269,0.0037253939482145234
rmse,750,700,4,0.008,0.2,0.829058846033354,0.004247954008217818
rmse,500,650,-1,0.038,0.7,0.9129548890621613,0.0037703890844753693
mae,950,500,8,0.008,0.4,0.8683994054483943,0.00385383922117358
rmse,100,450,3,0.028,0.5,0.8577124304437393,0.005652978510681918
mae,700,600,6,0.006,0.2,0.7891502718849321,0.002115165879046386
rmse,1200,600,10,0.014,0.5,0.9042733100343325,0.003878351058875018
rmse,600,500,9,0.008,0.2,0.8646108882405226,0.003446362773127485
rmse,600,400,7,0.012,0.9,0.8839736367636771,0.005777332774176969
mae,250,650,7,0.044,0.8,0.8810988554885142,0.00577551399094917
rmse,750,800,11,0.032,0.6,0.9122079981379088,0.003318344062226701
mae,700,900,11,0.008,0.2,0.8738842832632483,0.0034861978051046634
mae,1200,1450,10,0.044,0.3,0.8920294733005013,0.004171276460860921
rmse,950,150,8,0.04,0.2,0.8775003845045066,0.003414036030294198
mae,1400,750,3,0.038,0.3,0.8427130873299997,0.00591090400913137
mae,800,450,11,0.036,0.2,0.8806982802942214,0.0031865093953604724
mape,650,300,7,0.03,0.9,0.8759943594404508,0.005177380774062241
mape,300,350,8,0.012,0.3,0.8532228870683506,0.0032784427638232624
mae,1000,400,7,0.016,0.4,0.8726030811823855,0.004859103053806028
mape,750,600,12,0.012,0.4,0.8855195109886831,0.004024166731184144
mae,950,1400,12,0.034,0.3,0.8937440303988184,0.00438103306304877
rmse,1050,100,9,0.02,0.7,0.8601963406000436,0.0037364329543524903
mae,850,350,3,0.032,0.9,0.833922553140146,0.007365928227308903
mae,150,900,7,0.048,0.7,0.8844633537035077,0.006755049416165947
mape,1450,600,-1,0.048,0.9,0.8992126887418532,0.004542469206855987
mae,1150,1050,3,0.044,0.9,0.8522819080066621,0.007317169862066697
rmse,650,1350,3,0.004,0.5,0.8353344123052489,0.005934946603456981
mape,600,950,11,0.042,0.6,0.895506840937838,0.005100944853047888
mape,800,800,9,0.04,0.9,0.8870937055850401,0.004028117763529551
rmse,1150,850,11,0.038,0.4,0.9106370884590962,0.0030970037796348936
mape,350,500,4,0.01,0.8,0.838358331412222,0.006370287214040068
mape,950,150,9,0.01,0.1,0.5102014993108839,0.007894036309382662
rmse,1300,950,6,0.04,0.7,0.9021147530021788,0.004609851139158939
rmse,500,1300,7,0.04,0.2,0.9009516162613468,0.0035849191728707947
mae,1100,850,-1,0.028,0.4,0.9004078634379674,0.004303137498673164
mape,200,500,10,0.012,0.5,0.8852744668810155,0.0046730194028182254
mae,250,950,6,0.044,0.5,0.880751191085204,0.006707711469210543
mae,350,1200,5,0.042,0.7,0.874924221748926,0.00831171169227092
rmse,1450,1350,5,0.006,0.3,0.8740126499408171,0.00523674399507917
mape,1350,100,6,0.042,0.4,0.8512437510923612,0.005293833363922767
mape,900,1200,11,0.014,0.6,0.8931013078271954,0.004538336852605886
mae,250,1150,11,0.042,0.7,0.8994858077133495,0.004401067014078518
rmse,750,1200,5,0.022,0.3,0.8898672555314296,0.004657846176400305
rmse,100,1250,4,0.042,0.4,0.8894333334762426,0.00488964634816128
mae,1150,300,9,0.032,0.5,0.8870964104017346,0.005673995243212064
mae,200,850,12,0.004,0.9,0.880959469975092,0.0039023368914970027
rmse,950,950,7,0.042,0.4,0.9055683970661104,0.0037718191835210847
mae,550,950,6,0.028,0.2,0.8720907778503392,0.0034176105167178787
mae,1150,450,-1,0.034,0.7,0.9024034477794096,0.00477873913965922
mae,1450,650,9,0.032,0.3,0.8847793631189581,0.005102709070926046
rmse,550,250,8,0.028,0.2,0.8819194773198367,0.0036955796200377864
mae,1100,400,9,0.006,0.2,0.7856382558833406,0.0014871998942788342
mape,350,1400,4,0.036,0.8,0.862931272320854,0.007930563861995496
mae,1400,850,8,0.02,0.2,0.8773164203417894,0.0036788285057457785
mape,750,1150,9,0.008,0.1,0.8146659236059585,0.0018373622563799985
rmse,350,800,6,0.026,0.4,0.8960992443694723,0.00438312363869607
mae,850,1350,8,0.012,0.3,0.8828069364183582,0.004562663128617045
mape,1100,200,5,0.018,0.4,0.8226798668041513,0.004308049920719677
mape,100,1050,4,0.044,0.5,0.8643358736863076,0.0070811201565684646
mae,850,400,10,0.048,0.5,0.8923405415515828,0.005472743417464927
rmse,1000,1200,6,0.014,0.7,0.8951209668981223,0.0049943044915608855
rmse,1350,300,4,0.026,0.9,0.8657706521049335,0.0059524584782541185
mae,300,350,9,0.012,0.1,0.7485129558127024,0.0024089000953449323
mae,300,1450,6,0.006,0.2,0.8531733005010552,0.004061389835023138
mae,900,550,11,0.028,0.5,0.8949343009721713,0.004457068735555533
mape,300,1150,11,0.044,0.5,0.8961534354692964,0.0032336171143067132
mae,450,1200,-1,0.004,0.3,0.8842067914406603,0.003831795590304348
mape,1300,1250,11,0.038,0.8,0.8945680838517305,0.003120209516851433
rmse,300,800,-1,0.02,0.3,0.9081826857063025,0.0038112032161115882
mae,400,1000,11,0.032,0.5,0.8980074465734013,0.004524666198818957
mae,1100,1450,9,0.044,0.4,0.8930199607343628,0.0042386795469750915
mape,400,1250,11,0.014,0.7,0.8926081010084926,0.004690816356634481
mae,850,400,11,0.034,0.4,0.8909183982943011,0.004056791743081233
mae,1100,700,11,0.016,0.2,0.879402412964071,0.0036454932793927998
rmse,150,1400,4,0.026,0.5,0.8870600911793249,0.005216704564442287
mae,150,1350,12,0.036,0.6,0.9000775208854174,0.004994711486505849
mae,1350,700,9,0.01,0.9,0.8850971411450987,0.004758096519671408
rmse,1000,850,3,0.04,0.1,0.8457904554271911,0.0033023451981270004
rmse,900,1000,-1,0.038,0.3,0.90709120518722,0.003493401105382256
mape,200,1350,9,0.042,0.3,0.8862253829755121,0.0042895159177031295
mae,1100,750,3,0.036,0.8,0.8466738147986516,0.007701297609967357
mape,700,1000,4,0.008,0.8,0.8500868972633442,0.007355611836891455
mae,800,1200,10,0.028,0.2,0.8851643592409844,0.0036869475630425344
mae,700,1100,3,0.03,0.4,0.8498171324041467,0.007189187792761669
mae,500,200,3,0.028,0.7,0.8213731501384429,0.007329274007555216
mae,650,1050,12,0.046,0.8,0.9010693162057359,0.004480783162424076
mae,1000,1300,5,0.018,0.5,0.8721938020508603,0.008294198214404183
rmse,700,850,4,0.01,0.1,0.7955626172113274,0.002785867272006499
mae,200,1350,12,0.004,0.1,0.7952616920380406,0.001369623898934193
mape,100,500,4,0.028,0.5,0.8559917357989212,0.008211382171320867
rmse,900,1400,3,0.01,0.5,0.8591947539824045,0.005345118211205776
mape,1050,600,12,0.036,0.9,0.8931320609923998,0.0035210113828990255
mape,450,800,4,0.048,0.1,0.8332638398988255,0.002441201382679497
mape,1150,900,6,0.02,0.4,0.8744642082294924,0.006656519159512713
mae,1450,200,6,0.028,0.2,0.8351937678859256,0.0017268542976395347
mape,1250,1100,5,0.028,0.5,0.870465169543168,0.008080606114303059
mae,250,1100,6,0.024,0.2,0.8725526360893006,0.004498704459804641
mae,1150,1050,3,0.02,0.2,0.8216489245435059,0.0026905656810763904
mae,500,1050,12,0.046,0.2,0.8869665721931148,0.0034198498858354276
mae,350,1350,11,0.012,0.3,0.8899057467875396,0.0044483573309819875
mae,1150,200,6,0.036,0.1,0.7704222659839216,0.0020111229026300802
mae,550,150,5,0.026,0.7,0.8504668811384483,0.006323136441484882
mape,750,1050,8,0.03,0.2,0.878968197552106,0.003115395464239225
mae,350,150,4,0.014,0.6,0.777705831390914,0.003937138421604078
mape,150,300,9,0.036,0.4,0.8824985343450884,0.0036458513387178813
mape,950,900,6,0.044,0.1,0.8549263023271121,0.003402661828702834
mape,850,1350,4,0.04,0.4,0.8644068366071852,0.009147126614887568
mae,500,350,9,0.036,0.9,0.8875569171119941,0.005495806770959874
mape,1300,1300,6,0.02,0.8,0.8753512234865124,0.007273016028078405
mae,1100,100,8,0.026,0.9,0.858308785679349,0.004158659022171367
mae,800,1450,6,0.048,0.7,0.8813982522448958,0.0072576067937287535
mape,300,400,10,0.004,0.3,0.7449100888521893,0.002394868015875434
mae,1150,600,12,0.036,0.4,0.8950235911366682,0.0034761187204690024
rmse,400,350,12,0.008,0.2,0.8461776908384376,0.002926543840112946
mae,1450,1300,11,0.01,0.7,0.8954991705126878,0.004641504412334841
rmse,1200,100,6,0.038,0.8,0.8722364981404729,0.0063879051668434194
mae,250,350,6,0.04,0.5,0.8750293309249422,0.007386832581752759
mae,1000,500,-1,0.036,0.2,0.8854840812465977,0.004033706044586132
mae,1400,800,12,0.02,0.9,0.8971011742328459,0.004108842651239486
mape,700,1400,-1,0.008,0.6,0.8985990220071225,0.0041548374072221325
mape,950,1300,12,0.044,0.1,0.8563503543296505,0.0035837874166846475
mape,250,900,9,0.012,0.6,0.8872840032819991,0.004649702470669461
mae,1400,150,6,0.048,0.2,0.8478739430606418,0.0022851231724231175
mape,750,1250,8,0.04,0.5,0.88862896238185,0.005269326868443719
rmse,250,1450,-1,0.016,0.4,0.914177228165523,0.003299200163419174
mae,750,1400,-1,0.032,0.1,0.8568356413077662,0.0034563869933829285
mape,150,600,7,0.036,0.4,0.8796261612278873,0.005119044922158561
mape,650,750,6,0.048,0.7,0.8772063502644522,0.0070492210707891
mae,500,1450,11,0.036,0.2,0.8877985077027786,0.0031604964188032894
rmse,1400,950,-1,0.042,0.5,0.9134645089269715,0.0031780960874677705
mae,500,750,4,0.048,0.4,0.8644143795086572,0.0077235815152953205
mape,900,450,6,0.044,0.1,0.8361008081476409,0.002315046146502907
rmse,1250,150,8,0.022,0.1,0.7533896411648019,0.001494613461619198
mae,250,1200,5,0.046,0.5,0.8758609493854251,0.006832325647013386
mape,1200,800,12,0.048,0.5,0.8962007799600314,0.004368610251928278
rmse,450,350,11,0.032,0.9,0.9025707744522048,0.004730963999923971
rmse,1150,550,8,0.008,0.1,0.7893227076894352,0.0013821433643609064
mape,1050,400,12,0.006,0.3,0.8202769413430057,0.0022755311103779775
rmse,1300,1200,12,0.03,0.2,0.9033877799110157,0.0025584030412332866
mape,850,1250,4,0.046,0.4,0.8649262844890747,0.008260720165816832
rmse,1300,200,3,0.024,0.2,0.7901491390531394,0.0034330299745693386
mae,1100,850,10,0.048,0.9,0.8945307148868671,0.005087345514615189
rmse,850,1100,7,0.024,0.2,0.8966463367575997,0.0038441644208868824
mape,400,700,9,0.02,0.9,0.8846802014112392,0.004224564690615461
mae,1300,950,9,0.038,0.2,0.8829261807544846,0.003889562813481204
rmse,400,400,-1,0.024,0.1,0.8538816136648721,0.00257704697019587
mae,850,700,3,0.036,0.3,0.8404543439622983,0.005867440510692847
mae,800,1400,7,0.042,0.5,0.8875585731574365,0.005777154966516204
rmse,500,150,11,0.02,0.3,0.868802905688345,0.003993076498939089
rmse,600,150,4,0.048,0.1,0.7885507419138889,0.0014397817319144815
rmse,900,500,3,0.028,0.8,0.8587772909787112,0.006003679069135203
mape,550,200,-1,0.032,0.1,0.7842175362791439,0.0017787949631274526
mape,1150,900,10,0.04,0.5,0.8925720295352124,0.004287108983714428
rmse,150,350,11,0.014,0.9,0.8959215766805327,0.004784007740082937
rmse,1200,1150,5,0.018,0.7,0.890503757515083,0.005069415309196361
mae,900,600,9,0.034,0.1,0.8525030235699992,0.004481798910441684
mape,1150,100,11,0.004,0.5,0.3423097445756871,0.006928354163656304
mae,950,200,10,0.032,0.1,0.802486195251609,0.0017660858758971117
mape,250,850,6,0.006,0.8,0.8661706956843156,0.006164009746948294
mae,750,200,-1,0.016,0.6,0.8843009027973254,0.004162640071919699
mape,1300,350,7,0.008,0.2,0.771911297955124,0.0031233653804144754
mape,400,1150,11,0.024,0.6,0.8948954870471519,0.0048738064556440655
mae,750,200,11,0.018,0.4,0.8754046922778794,0.003638484446641881
rmse,200,400,10,0.034,0.4,0.9053388003337048,0.0035641693031044225
mape,450,500,-1,0.016,0.7,0.8948420104791585,0.00414075767813147
rmse,450,300,4,0.03,0.5,0.8688737119869279,0.006015938632264986
rmse,650,450,5,0.038,0.9,0.8875496987270537,0.004960835146525311
mape,300,100,6,0.044,0.9,0.8625981668368432,0.006799643347239708
mae,150,1100,9,0.006,0.9,0.8841810686423093,0.004727050267189283
mae,300,700,12,0.044,0.4,0.8965383245015514,0.0036751720170978813
mae,200,750,7,0.018,0.2,0.8712336672434617,0.0036057683527965694
mae,1300,800,6,0.016,0.3,0.8692558794742644,0.005457351317333679
mae,1400,200,5,0.044,0.3,0.8504909938857361,0.004881566908556777
mae,1050,500,7,0.004,0.6,0.8193527797971609,0.0034213114573799996
mae,150,1150,8,0.006,0.7,0.8834761487822091,0.005660145823556158
mape,300,950,8,0.018,0.3,0.878937413597539,0.004570987881900308
mape,500,600,-1,0.032,0.1,0.8363331156763542,0.0018555812351227325
mape,1200,250,-1,0.04,0.5,0.8940672340602542,0.004702825369575554
mae,800,650,4,0.022,0.7,0.8581620918309064,0.007596232685832827
mae,800,750,6,0.024,0.7,0.8758902843244658,0.005910564307616596
rmse,1450,750,5,0.042,0.2,0.8858804509849161,0.00422372251408832
mae,200,350,8,0.04,0.9,0.8829382549309752,0.0047525768874127575
mae,400,450,6,0.014,0.1,0.7497609771036646,0.003898881830718306
mape,600,1450,12,0.044,0.2,0.8852506934302036,0.003390090172755917
rmse,150,950,10,0.046,0.8,0.9108302887282713,0.0043072841443427675
mae,350,1200,6,0.026,0.3,0.8775643968582474,0.005834320789099028
mape,1000,850,6,0.032,0.4,0.8760076794315701,0.006324154762576878
mae,100,1050,9,0.016,0.4,0.8886917717230789,0.004703884271117623
mape,250,1100,10,0.008,0.6,0.8882272030681293,0.004594731962387288
mae,850,1350,10,0.03,0.7,0.8969322460561832,0.004807955345694448
mae,1350,400,11,0.024,0.2,0.8774396107879652,0.003229693645122121
mae,750,1450,7,0.012,0.7,0.88155487249291,0.0056592292933518775
mae,350,150,5,0.044,0.1,0.7423070016837945,0.003993631026096422
mae,1450,200,7,0.012,0.9,0.8449110166035763,0.003977262662645673
mae,1100,900,3,0.042,0.7,0.851369388056342,0.008584717475204942
rmse,700,1200,3,0.04,0.2,0.8686219109656362,0.0042613340261919656
mae,1300,1100,3,0.004,0.4,0.7873918657679833,0.003492924525074718
mae,1200,1150,3,0.022,0.2,0.8261393229851285,0.002869879908287149
mae,600,600,-1,0.03,0.6,0.9039136844706555,0.005010492483651146
mape,1050,850,3,0.024,0.7,0.8435077117361504,0.008207586773316834
mape,1450,1450,4,0.044,0.9,0.862977574287117,0.007587197339412629
mae,150,1400,3,0.032,0.8,0.8514722517780011,0.007561741826265196
mae,900,750,3,0.018,0.5,0.836049198867154,0.007434090228159086
mae,350,300,6,0.012,0.6,0.8572974870999434,0.006121585103238908
mae,250,1350,9,0.048,0.9,0.8933562724416908,0.005240130242164016
rmse,1000,200,7,0.028,0.6,0.8887908837072866,0.005295534573630313
mae,150,650,11,0.012,0.9,0.8897379607104218,0.004589747457315494
mae,850,300,6,0.012,0.7,0.8583632132900675,0.006272018536545563
mae,1050,1250,3,0.04,0.8,0.8529771532494335,0.008112770241591221
mae,900,500,12,0.02,0.5,0.8953024147454232,0.004850779902017433
mape,150,1000,-1,0.012,0.5,0.8924684168895805,0.004310943210732271
mape,1000,1050,6,0.028,0.2,0.870606810599947,0.003442584962422258
mae,1000,900,12,0.03,0.2,0.8855593494818598,0.0031338328886172033
rmse,750,1300,9,0.034,0.4,0.9102873754419414,0.0028229248773400813
mae,1050,200,11,0.03,0.9,0.8910682865520276,0.004381070353852927
mape,550,200,-1,0.036,0.3,0.8754756940464699,0.004108655354361333
mae,850,950,5,0.034,0.6,0.8733919008287272,0.007362472864522396
mae,1050,850,6,0.024,0.6,0.8774456090228788,0.006917815092638703
mape,500,1200,6,0.03,0.1,0.8535291964134254,0.003843173370164199
rmse,550,450,-1,0.032,0.7,0.9117732599614783,0.004090606829361542
rmse,1050,300,8,0.03,0.3,0.8931196646771401,0.00424403411080934
rmse,1150,100,10,0.018,0.5,0.8458272346964705,0.004063540902757679
rmse,350,1350,10,0.01,0.6,0.9083170313017582,0.003957082660738255
mape,300,300,7,0.032,0.8,0.8766701698218848,0.005382876720751081
mape,800,300,11,0.036,0.7,0.8893015425046502,0.0053716198316490806
mae,1400,150,12,0.042,0.2,0.8705094576125321,0.003378221612078199
mape,750,1150,9,0.042,0.9,0.8879220345706389,0.004670645214900227
mape,100,800,-1,0.02,0.7,0.890945997703654,0.004363215796523726
mape,1000,1100,10,0.014,0.4,0.8884927922409429,0.0040165826478006875
rmse,100,100,4,0.026,0.9,0.8213871502415642,0.0055609169344686725
rmse,100,950,7,0.012,0.4,0.8973168131219749,0.003995255053428997
